angry0,angry1,box0,box1,disgust0,disgust1,fear0,fear1,happy0,happy1,neutral0,neutral1,sad0,sad1,surprise0,surprise1
0.01,,[801 175 369 369],,0.0,,0.02,,0.0,,0.91,,0.05,,0.0,
0.01,,[802 175 368 368],,0.0,,0.02,,0.0,,0.92,,0.04,,0.01,
0.01,,[802 175 368 368],,0.0,,0.02,,0.0,,0.92,,0.04,,0.01,
0.01,,[798 171 376 376],,0.0,,0.02,,0.0,,0.9,,0.06,,0.01,
0.01,,[797 171 378 378],,0.0,,0.02,,0.0,,0.89,,0.06,,0.01,
0.01,,[795 170 380 380],,0.0,,0.02,,0.0,,0.9,,0.06,,0.01,
0.01,,[795 170 380 380],,0.0,,0.02,,0.0,,0.9,,0.06,,0.01,
0.01,,[795 170 380 380],,0.0,,0.02,,0.0,,0.9,,0.06,,0.01,
0.01,,[793 169 382 382],,0.0,,0.03,,0.0,,0.88,,0.07,,0.01,
0.01,,[793 169 382 382],,0.0,,0.03,,0.0,,0.89,,0.06,,0.01,
0.01,,[791 171 380 380],,0.0,,0.02,,0.0,,0.88,,0.07,,0.01,
0.01,,[792 171 379 379],,0.0,,0.03,,0.0,,0.89,,0.06,,0.01,
0.01,,[792 171 379 379],,0.0,,0.03,,0.0,,0.89,,0.06,,0.01,
0.01,,[790 172 378 378],,0.0,,0.02,,0.0,,0.9,,0.06,,0.01,
0.02,,[791 173 377 377],,0.0,,0.02,,0.0,,0.9,,0.06,,0.01,
0.01,,[788 173 379 379],,0.0,,0.01,,0.0,,0.92,,0.05,,0.01,
0.01,,[789 174 377 377],,0.0,,0.01,,0.0,,0.92,,0.05,,0.01,
0.01,,[789 174 377 377],,0.0,,0.01,,0.0,,0.92,,0.05,,0.01,
0.01,,[787 175 375 375],,0.0,,0.01,,0.0,,0.93,,0.04,,0.01,
0.01,,[787 175 375 375],,0.0,,0.01,,0.0,,0.93,,0.04,,0.01,
0.01,,[789 175 375 375],,0.0,,0.02,,0.0,,0.93,,0.04,,0.01,
0.01,,[790 175 373 373],,0.0,,0.02,,0.0,,0.91,,0.05,,0.01,
0.01,,[790 175 373 373],,0.0,,0.02,,0.0,,0.91,,0.05,,0.01,
0.01,,[785 175 377 377],,0.0,,0.01,,0.0,,0.93,,0.04,,0.01,
0.01,,[786 175 376 376],,0.0,,0.02,,0.0,,0.92,,0.05,,0.01,
0.01,,[788 176 374 374],,0.0,,0.02,,0.0,,0.91,,0.06,,0.01,
0.01,,[788 176 374 374],,0.0,,0.02,,0.0,,0.91,,0.06,,0.01,
0.01,,[788 176 374 374],,0.0,,0.02,,0.0,,0.91,,0.06,,0.01,
0.01,,[790 173 376 376],,0.0,,0.03,,0.0,,0.89,,0.05,,0.02,
0.01,,[790 173 376 376],,0.0,,0.03,,0.0,,0.89,,0.05,,0.02,
0.01,,[789 172 379 379],,0.0,,0.02,,0.0,,0.9,,0.06,,0.0,
0.01,,[788 173 379 379],,0.0,,0.01,,0.0,,0.93,,0.04,,0.0,
0.01,,[788 173 379 379],,0.0,,0.01,,0.0,,0.93,,0.04,,0.0,
0.02,,[788 172 379 379],,0.0,,0.02,,0.0,,0.9,,0.06,,0.01,
0.02,,[788 172 380 380],,0.0,,0.01,,0.0,,0.9,,0.06,,0.0,
0.01,,[787 172 381 381],,0.0,,0.01,,0.0,,0.92,,0.05,,0.0,
0.01,,[787 172 381 381],,0.0,,0.01,,0.0,,0.92,,0.05,,0.0,
0.01,,[787 172 381 381],,0.0,,0.01,,0.0,,0.92,,0.05,,0.0,
0.01,,[787 174 378 378],,0.0,,0.01,,0.0,,0.92,,0.05,,0.01,
0.01,,[787 174 378 378],,0.0,,0.01,,0.0,,0.92,,0.05,,0.01,
0.01,,[787 173 379 379],,0.0,,0.01,,0.0,,0.92,,0.06,,0.0,
0.01,,[787 173 379 379],,0.0,,0.01,,0.0,,0.92,,0.05,,0.0,
0.01,,[787 173 379 379],,0.0,,0.01,,0.0,,0.92,,0.05,,0.0,
0.01,,[788 174 377 377],,0.0,,0.01,,0.0,,0.93,,0.04,,0.01,
0.01,,[788 174 376 376],,0.0,,0.02,,0.0,,0.91,,0.05,,0.01,
0.01,,[790 174 375 375],,0.0,,0.02,,0.0,,0.92,,0.04,,0.01,
0.01,,[790 174 376 376],,0.0,,0.02,,0.0,,0.92,,0.04,,0.01,
0.01,,[790 174 375 375],,0.0,,0.02,,0.0,,0.92,,0.04,,0.01,
0.01,,[791 176 375 375],,0.0,,0.01,,0.0,,0.93,,0.04,,0.0,
0.01,,[792 177 372 372],,0.0,,0.02,,0.0,,0.9,,0.06,,0.01,
0.01,,[794 179 370 370],,0.0,,0.02,,0.0,,0.89,,0.06,,0.01,
0.01,,[793 179 372 372],,0.0,,0.02,,0.0,,0.9,,0.06,,0.01,
0.01,,[793 179 372 372],,0.0,,0.02,,0.0,,0.9,,0.06,,0.01,
0.01,,[797 178 373 373],,0.0,,0.02,,0.0,,0.91,,0.05,,0.01,
0.01,,[796 178 373 373],,0.0,,0.02,,0.0,,0.91,,0.05,,0.01,
0.01,,[797 179 372 372],,0.0,,0.02,,0.0,,0.91,,0.05,,0.01,
0.01,,[797 180 372 372],,0.0,,0.02,,0.0,,0.92,,0.04,,0.01,
0.01,,[797 180 372 372],,0.0,,0.02,,0.0,,0.92,,0.04,,0.01,
0.01,,[800 180 373 373],,0.0,,0.02,,0.0,,0.9,,0.05,,0.01,
0.01,,[800 180 371 371],,0.0,,0.02,,0.0,,0.92,,0.04,,0.01,
0.01,,[801 179 376 376],,0.0,,0.02,,0.0,,0.87,,0.08,,0.01,
0.02,,[801 179 376 376],,0.0,,0.02,,0.0,,0.87,,0.09,,0.01,
0.02,,[801 179 376 376],,0.0,,0.02,,0.0,,0.87,,0.09,,0.01,
0.01,,[800 177 378 378],,0.0,,0.02,,0.0,,0.89,,0.06,,0.02,
0.01,,[800 177 378 378],,0.0,,0.02,,0.0,,0.89,,0.06,,0.02,
0.01,,[799 182 376 376],,0.0,,0.01,,0.0,,0.94,,0.05,,0.0,
0.01,,[801 184 373 373],,0.0,,0.01,,0.0,,0.93,,0.05,,0.0,
0.01,,[801 184 373 373],,0.0,,0.01,,0.0,,0.93,,0.05,,0.0,
0.01,,[799 181 373 373],,0.0,,0.02,,0.0,,0.92,,0.05,,0.0,
0.01,,[799 181 373 373],,0.0,,0.02,,0.0,,0.92,,0.05,,0.0,
0.01,,[799 182 373 373],,0.0,,0.02,,0.0,,0.91,,0.06,,0.0,
0.01,,[800 182 371 371],,0.0,,0.02,,0.0,,0.92,,0.05,,0.01,
0.01,,[800 182 371 371],,0.0,,0.02,,0.0,,0.92,,0.05,,0.01,
0.01,,[801 183 369 369],,0.0,,0.01,,0.0,,0.93,,0.05,,0.01,
0.01,,[801 183 369 369],,0.0,,0.01,,0.0,,0.93,,0.05,,0.01,
0.01,,[800 181 372 372],,0.0,,0.02,,0.0,,0.92,,0.05,,0.01,
0.02,,[797 168 385 385],,0.0,,0.02,,0.0,,0.89,,0.07,,0.01,
0.01,,[800 171 379 379],,0.0,,0.02,,0.0,,0.9,,0.04,,0.02,
0.02,,[799 170 379 379],,0.0,,0.03,,0.0,,0.89,,0.05,,0.02,
0.02,,[799 170 379 379],,0.0,,0.03,,0.0,,0.88,,0.05,,0.02,
0.02,,[799 170 379 379],,0.0,,0.03,,0.0,,0.88,,0.05,,0.02,
0.01,,[800 171 379 379],,0.0,,0.03,,0.0,,0.86,,0.03,,0.07,
0.01,,[800 171 379 379],,0.0,,0.03,,0.0,,0.86,,0.03,,0.07,
0.01,,[801 169 376 376],,0.0,,0.18,,0.0,,0.46,,0.07,,0.28,
0.01,,[802 170 376 376],,0.0,,0.22,,0.0,,0.33,,0.05,,0.38,
0.01,,[801 169 376 376],,0.0,,0.17,,0.0,,0.47,,0.07,,0.28,
0.03,,[804 170 371 371],,0.0,,0.27,,0.0,,0.09,,0.02,,0.59,
0.02,,[802 168 374 374],,0.0,,0.31,,0.0,,0.08,,0.02,,0.57,
0.03,,[808 170 365 365],,0.0,,0.23,,0.06,,0.03,,0.01,,0.63,
0.04,,[808 170 365 365],,0.0,,0.24,,0.07,,0.03,,0.02,,0.6,
0.05,,[808 168 369 369],,0.0,,0.17,,0.09,,0.03,,0.01,,0.65,
0.02,,[810 172 359 359],,0.0,,0.07,,0.42,,0.01,,0.0,,0.48,
0.02,,[811 172 359 359],,0.0,,0.08,,0.46,,0.01,,0.0,,0.43,
0.0,,[811 171 355 355],,0.0,,0.0,,0.88,,0.0,,0.0,,0.12,
0.0,,[811 170 357 357],,0.0,,0.0,,0.91,,0.0,,0.0,,0.08,
0.0,,[811 170 357 357],,0.0,,0.0,,0.91,,0.0,,0.0,,0.08,
0.0,,[809 167 363 363],,0.0,,0.0,,0.95,,0.0,,0.0,,0.05,
0.0,,[810 168 362 362],,0.0,,0.0,,0.95,,0.0,,0.0,,0.05,
0.0,,[810 165 365 365],,0.0,,0.0,,0.94,,0.0,,0.0,,0.05,
0.0,,[809 164 366 366],,0.0,,0.0,,0.94,,0.0,,0.0,,0.06,
0.0,,[809 164 366 366],,0.0,,0.0,,0.94,,0.0,,0.0,,0.06,
0.0,,[808 165 367 367],,0.0,,0.0,,0.96,,0.0,,0.0,,0.04,
0.0,,[808 164 369 369],,0.0,,0.0,,0.97,,0.0,,0.0,,0.03,
0.0,,[806 165 365 365],,0.0,,0.0,,0.96,,0.0,,0.0,,0.04,
0.0,,[806 165 365 365],,0.0,,0.0,,0.96,,0.0,,0.0,,0.04,
0.0,,[806 165 365 365],,0.0,,0.0,,0.96,,0.0,,0.0,,0.04,
0.0,,[804 163 367 367],,0.0,,0.0,,0.96,,0.0,,0.0,,0.04,
0.0,,[803 164 367 367],,0.0,,0.0,,0.96,,0.0,,0.0,,0.04,
0.0,0.01,[803 166 364 364],[805 302 348 348],0.0,0.0,0.0,0.0,0.93,0.93,0.0,0.04,0.0,0.02,0.07,0.0
0.0,,[803 165 365 365],,0.0,,0.0,,0.95,,0.0,,0.0,,0.05,
0.0,,[803 165 365 365],,0.0,,0.0,,0.95,,0.0,,0.0,,0.05,
0.0,,[800 165 365 365],,0.0,,0.0,,0.92,,0.0,,0.0,,0.08,
0.0,,[801 165 365 365],,0.0,,0.0,,0.95,,0.0,,0.0,,0.05,
0.0,0.01,[802 166 364 364],[802 301 347 347],0.0,0.0,0.0,0.0,0.93,0.95,0.0,0.03,0.0,0.01,0.07,0.0
0.0,0.01,[802 166 364 364],[801 299 352 352],0.0,0.0,0.0,0.0,0.93,0.95,0.0,0.02,0.0,0.01,0.07,0.0
0.0,0.01,[802 166 364 364],[801 299 352 352],0.0,0.0,0.0,0.0,0.93,0.95,0.0,0.02,0.0,0.01,0.07,0.0
0.0,,[807 166 364 364],,0.0,,0.0,,0.94,,0.0,,0.0,,0.06,
0.0,,[808 167 362 362],,0.0,,0.0,,0.93,,0.0,,0.0,,0.07,
0.0,,[806 162 369 369],,0.0,,0.0,,0.96,,0.0,,0.0,,0.04,
0.0,,[805 162 369 369],,0.0,,0.0,,0.97,,0.0,,0.0,,0.03,
0.0,,[807 162 368 368],,0.0,,0.0,,0.97,,0.0,,0.0,,0.03,
0.0,,[808 160 370 370],,0.0,,0.0,,0.97,,0.0,,0.0,,0.03,
0.0,,[808 160 370 370],,0.0,,0.0,,0.97,,0.0,,0.0,,0.03,
0.0,,[807 160 370 370],,0.0,,0.0,,0.98,,0.0,,0.0,,0.02,
0.0,,[808 161 369 369],,0.0,,0.0,,0.99,,0.0,,0.0,,0.01,
0.0,,[808 161 369 369],,0.0,,0.0,,0.99,,0.0,,0.0,,0.01,
0.0,,[809 159 369 369],,0.0,,0.0,,0.98,,0.0,,0.0,,0.02,
0.0,0.0,[809 159 370 370],[796 272 383 383],0.0,0.0,0.0,0.0,0.98,0.99,0.0,0.0,0.0,0.0,0.02,0.0
0.0,0.0,[812 159 365 365],[801 281 370 370],0.0,0.0,0.0,0.0,0.98,0.98,0.0,0.01,0.0,0.0,0.02,0.0
0.0,0.0,[812 159 365 365],[801 281 370 370],0.0,0.0,0.0,0.0,0.98,0.98,0.0,0.01,0.0,0.0,0.02,0.0
0.0,0.0,[812 159 365 365],[801 281 370 370],0.0,0.0,0.0,0.0,0.98,0.98,0.0,0.01,0.0,0.0,0.02,0.0
0.0,,[817 161 361 361],,0.0,,0.0,,0.98,,0.0,,0.0,,0.02,
0.0,,[817 161 361 361],,0.0,,0.0,,0.98,,0.0,,0.0,,0.02,
0.0,0.0,[814 161 363 363],[805 287 362 362],0.0,0.0,0.0,0.0,0.98,0.98,0.0,0.01,0.0,0.0,0.02,0.0
0.0,0.0,[814 161 363 363],[805 287 362 362],0.0,0.0,0.0,0.0,0.98,0.98,0.0,0.01,0.0,0.0,0.02,0.0
0.0,0.0,[814 161 363 363],[805 287 362 362],0.0,0.0,0.0,0.0,0.98,0.98,0.0,0.01,0.0,0.0,0.02,0.0
0.0,0.0,[806 154 373 373],[803 283 371 371],0.0,0.0,0.0,0.0,0.99,0.99,0.0,0.01,0.0,0.0,0.01,0.0
0.0,0.0,[807 154 373 373],[803 283 371 371],0.0,0.0,0.0,0.0,0.99,0.99,0.0,0.01,0.0,0.0,0.01,0.0
0.0,,[812 160 366 366],,0.0,,0.0,,0.98,,0.0,,0.0,,0.02,
0.0,,[813 161 364 364],,0.0,,0.0,,0.98,,0.0,,0.0,,0.02,
0.0,,[813 161 364 364],,0.0,,0.0,,0.98,,0.0,,0.0,,0.02,
0.0,0.01,[808 162 368 368],[805 292 357 357],0.0,0.0,0.0,0.0,0.98,0.97,0.0,0.01,0.0,0.01,0.02,0.0
0.0,0.01,[808 162 367 367],[805 292 357 357],0.0,0.0,0.0,0.0,0.98,0.97,0.0,0.01,0.0,0.01,0.02,0.0
0.0,0.02,[806 161 369 369],[797 287 367 367],0.0,0.0,0.0,0.01,0.97,0.93,0.0,0.02,0.0,0.01,0.03,0.0
0.0,0.02,[806 161 369 369],[797 287 367 367],0.0,0.0,0.0,0.01,0.97,0.93,0.0,0.02,0.0,0.02,0.03,0.0
0.0,0.02,[806 161 369 369],[797 287 367 367],0.0,0.0,0.0,0.01,0.97,0.93,0.0,0.02,0.0,0.02,0.03,0.0
0.0,0.03,[802 164 368 368],[812 299 347 347],0.0,0.0,0.0,0.01,0.98,0.9,0.0,0.03,0.0,0.02,0.02,0.01
0.0,,[802 164 368 368],,0.0,,0.0,,0.98,,0.0,,0.0,,0.02,
0.0,,[804 167 362 362],,0.0,,0.0,,0.99,,0.0,,0.0,,0.01,
0.0,,[804 167 363 363],,0.0,,0.0,,0.99,,0.0,,0.0,,0.01,
0.0,,[802 164 368 368],,0.0,,0.0,,0.99,,0.0,,0.0,,0.01,
0.0,,[799 163 368 368],,0.0,,0.0,,0.98,,0.0,,0.0,,0.02,
0.0,,[799 163 369 369],,0.0,,0.0,,0.99,,0.0,,0.0,,0.01,
0.0,0.01,[803 166 366 366],[804 288 365 365],0.0,0.0,0.0,0.0,0.99,0.96,0.0,0.01,0.0,0.01,0.01,0.0
0.0,0.01,[803 166 366 366],[804 288 365 365],0.0,0.0,0.0,0.0,0.99,0.96,0.0,0.01,0.0,0.01,0.01,0.0
0.0,0.01,[803 166 366 366],[804 288 365 365],0.0,0.0,0.0,0.0,0.99,0.96,0.0,0.01,0.0,0.01,0.01,0.0
0.0,,[803 166 365 365],,0.0,,0.0,,0.99,,0.0,,0.0,,0.01,
0.0,,[803 166 366 366],,0.0,,0.0,,0.99,,0.0,,0.0,,0.01,
0.0,,[803 166 369 369],,0.0,,0.0,,0.99,,0.0,,0.0,,0.01,
0.0,,[803 166 369 369],,0.0,,0.0,,0.99,,0.0,,0.0,,0.01,
0.0,,[803 166 369 369],,0.0,,0.0,,0.99,,0.0,,0.0,,0.01,
0.0,,[808 169 362 362],,0.0,,0.0,,0.99,,0.0,,0.0,,0.01,
0.0,,[808 169 362 362],,0.0,,0.0,,0.99,,0.0,,0.0,,0.01,
0.0,,[812 181 360 360],,0.0,,0.0,,1.0,,0.0,,0.0,,0.0,
0.0,,[812 178 360 360],,0.0,,0.0,,1.0,,0.0,,0.0,,0.0,
0.0,,[812 178 360 360],,0.0,,0.0,,1.0,,0.0,,0.0,,0.0,
0.0,,[816 172 354 354],,0.0,,0.0,,0.98,,0.0,,0.0,,0.02,
0.0,,[816 172 354 354],,0.0,,0.0,,0.98,,0.0,,0.0,,0.02,
0.0,0.01,[817 173 355 355],[800 281 382 382],0.0,0.0,0.0,0.0,0.98,0.97,0.0,0.01,0.0,0.0,0.02,0.0
0.0,0.01,[817 173 355 355],[800 281 382 382],0.0,0.0,0.0,0.0,0.98,0.97,0.0,0.01,0.0,0.0,0.02,0.0
0.0,0.01,[817 173 355 355],[800 281 382 382],0.0,0.0,0.0,0.0,0.98,0.98,0.0,0.01,0.0,0.0,0.02,0.0
0.0,0.01,[817 173 353 353],[796 273 393 393],0.0,0.0,0.0,0.0,0.99,0.99,0.0,0.0,0.0,0.0,0.01,0.0
0.0,0.0,[817 173 353 353],[791 268 401 401],0.0,0.0,0.0,0.0,0.99,0.98,0.0,0.01,0.0,0.0,0.01,0.01
0.0,0.01,[818 173 352 352],[799 273 392 392],0.0,0.0,0.0,0.0,0.99,0.99,0.0,0.0,0.0,0.0,0.01,0.0
0.0,0.01,[818 173 352 352],[799 273 392 392],0.0,0.0,0.0,0.0,0.99,0.99,0.0,0.0,0.0,0.0,0.01,0.0
0.0,0.01,[818 173 352 352],[799 273 392 392],0.0,0.0,0.0,0.0,0.99,0.99,0.0,0.0,0.0,0.0,0.01,0.0
0.0,0.01,[817 173 353 353],[806 280 377 377],0.0,0.0,0.0,0.0,0.99,0.98,0.0,0.0,0.0,0.0,0.01,0.0
0.0,0.01,[818 173 353 353],[806 280 377 377],0.0,0.0,0.0,0.0,0.99,0.98,0.0,0.0,0.0,0.0,0.01,0.0
0.0,0.01,[819 173 352 352],[803 282 377 377],0.0,0.0,0.0,0.0,0.99,0.97,0.0,0.01,0.0,0.0,0.01,0.0
0.0,0.01,[819 173 352 352],[800 281 382 382],0.0,0.0,0.0,0.0,0.99,0.97,0.0,0.01,0.0,0.0,0.01,0.0
0.0,0.01,[815 169 361 361],[803 282 377 377],0.0,0.0,0.0,0.0,0.98,0.98,0.0,0.01,0.0,0.0,0.02,0.0
0.0,0.01,[817 171 356 356],[803 282 377 377],0.0,0.0,0.0,0.0,0.99,0.98,0.0,0.01,0.0,0.0,0.01,0.0
0.0,0.01,[817 171 356 356],[803 282 377 377],0.0,0.0,0.0,0.0,0.99,0.98,0.0,0.01,0.0,0.0,0.01,0.0
0.0,0.0,[814 171 358 358],[801 277 383 383],0.0,0.0,0.0,0.0,0.99,0.99,0.0,0.0,0.0,0.0,0.01,0.0
0.0,0.0,[814 171 358 358],[801 277 383 383],0.0,0.0,0.0,0.0,0.99,0.99,0.0,0.0,0.0,0.0,0.01,0.0
0.0,0.0,[814 171 358 358],[801 277 383 383],0.0,0.0,0.0,0.0,0.99,0.99,0.0,0.0,0.0,0.0,0.01,0.0
0.0,0.0,[815 172 355 355],[794 269 393 393],0.0,0.0,0.0,0.0,0.99,0.99,0.0,0.0,0.0,0.0,0.01,0.0
0.0,0.0,[815 172 355 355],[794 269 393 393],0.0,0.0,0.0,0.0,0.99,0.99,0.0,0.0,0.0,0.0,0.01,0.0
0.0,0.0,[814 173 355 355],[791 266 399 399],0.0,0.0,0.0,0.0,0.99,0.99,0.0,0.01,0.0,0.0,0.01,0.0
0.0,0.0,[814 173 355 355],[791 266 399 399],0.0,0.0,0.0,0.0,0.99,0.99,0.0,0.01,0.0,0.0,0.01,0.0
0.0,0.0,[814 173 355 355],[791 266 399 399],0.0,0.0,0.0,0.0,0.99,0.99,0.0,0.01,0.0,0.0,0.01,0.0
0.0,0.0,[814 169 360 360],[791 263 399 399],0.0,0.0,0.0,0.0,0.98,0.99,0.0,0.0,0.0,0.0,0.01,0.0
0.0,0.0,[814 169 360 360],[795 275 388 388],0.0,0.0,0.0,0.0,0.98,0.99,0.0,0.0,0.0,0.0,0.01,0.0
0.0,0.0,[817 172 357 357],[792 273 390 390],0.0,0.0,0.0,0.0,0.99,0.99,0.0,0.0,0.0,0.0,0.01,0.0
0.0,,[817 172 357 357],,0.0,,0.0,,0.99,,0.0,,0.0,,0.01,
0.0,,[817 172 357 357],,0.0,,0.0,,0.99,,0.0,,0.0,,0.01,
0.0,0.02,[814 169 363 363],[812 297 359 359],0.0,0.0,0.0,0.0,0.98,0.94,0.0,0.02,0.0,0.02,0.01,0.0
0.0,0.02,[815 170 361 361],[809 292 366 366],0.0,0.0,0.0,0.0,0.98,0.95,0.0,0.01,0.0,0.01,0.01,0.0
0.0,0.02,[814 169 365 365],[818 306 340 340],0.0,0.0,0.0,0.0,0.97,0.94,0.0,0.02,0.0,0.02,0.03,0.0
0.0,0.03,[814 169 365 365],[820 309 335 335],0.0,0.0,0.0,0.01,0.96,0.93,0.0,0.02,0.0,0.02,0.03,0.0
0.0,0.03,[814 169 365 365],[820 309 335 335],0.0,0.0,0.0,0.01,0.96,0.93,0.0,0.02,0.0,0.02,0.03,0.0
0.0,0.01,[812 166 368 368],[821 310 338 338],0.0,0.0,0.0,0.01,0.97,0.92,0.0,0.02,0.0,0.04,0.03,0.0
0.0,0.02,[812 166 368 368],[820 305 343 343],0.0,0.0,0.0,0.0,0.97,0.93,0.0,0.02,0.0,0.02,0.03,0.0
0.0,0.02,[817 168 365 365],[817 300 352 352],0.0,0.0,0.0,0.0,0.97,0.93,0.0,0.02,0.0,0.02,0.03,0.0
0.0,0.02,[817 168 365 365],[817 300 352 352],0.0,0.0,0.0,0.0,0.97,0.93,0.0,0.02,0.0,0.02,0.03,0.0
0.0,0.02,[817 168 365 365],[817 300 352 352],0.0,0.0,0.0,0.0,0.97,0.93,0.0,0.02,0.0,0.02,0.03,0.0
0.0,0.02,[817 169 363 363],[816 299 355 355],0.0,0.0,0.0,0.0,0.97,0.94,0.0,0.02,0.0,0.02,0.03,0.0
0.0,0.01,[817 169 363 363],[815 297 358 358],0.0,0.0,0.0,0.0,0.97,0.95,0.0,0.01,0.0,0.02,0.03,0.0
0.0,0.01,[815 168 368 368],[821 308 342 342],0.0,0.0,0.0,0.01,0.95,0.93,0.0,0.02,0.0,0.03,0.05,0.0
0.0,0.01,[815 168 368 368],[821 308 342 342],0.0,0.0,0.0,0.01,0.94,0.93,0.0,0.02,0.0,0.03,0.05,0.0
0.0,,[817 167 367 367],,0.0,,0.0,,0.96,,0.0,,0.0,,0.04,
0.0,0.01,[815 167 366 366],[811 291 371 371],0.0,0.0,0.0,0.0,0.95,0.96,0.0,0.01,0.0,0.01,0.05,0.0
0.0,,[814 167 366 366],,0.0,,0.0,,0.94,,0.0,,0.0,,0.06,
0.0,,[820 171 360 360],,0.0,,0.0,,0.96,,0.0,,0.0,,0.04,
0.0,,[820 171 359 359],,0.0,,0.0,,0.97,,0.0,,0.0,,0.03,
0.0,,[820 171 359 359],,0.0,,0.0,,0.97,,0.0,,0.0,,0.03,
0.0,0.02,[819 172 366 366],[817 295 358 358],0.0,0.0,0.0,0.0,0.99,0.96,0.0,0.01,0.0,0.01,0.01,0.0
0.0,0.02,[819 172 366 366],[817 295 358 358],0.0,0.0,0.0,0.0,0.99,0.96,0.0,0.01,0.0,0.01,0.01,0.0
0.0,0.01,[820 174 359 359],[822 296 351 351],0.0,0.0,0.0,0.0,1.0,0.97,0.0,0.0,0.0,0.01,0.0,0.0
0.0,0.01,[821 175 357 357],[822 296 351 351],0.0,0.0,0.0,0.0,1.0,0.97,0.0,0.0,0.0,0.01,0.0,0.0
0.0,0.01,[821 175 357 357],[822 296 351 351],0.0,0.0,0.0,0.0,1.0,0.97,0.0,0.0,0.0,0.01,0.0,0.0
0.0,0.01,[822 174 360 360],[820 296 357 357],0.0,0.0,0.0,0.0,0.99,0.96,0.0,0.01,0.0,0.02,0.0,0.0
0.0,0.01,[822 174 361 361],[820 296 357 357],0.0,0.0,0.0,0.0,0.99,0.96,0.0,0.01,0.0,0.01,0.0,0.0
0.0,,[821 175 357 357],,0.0,,0.0,,1.0,,0.0,,0.0,,0.0,
0.0,,[821 175 357 357],,0.0,,0.0,,1.0,,0.0,,0.0,,0.0,
0.0,,[821 175 357 357],,0.0,,0.0,,1.0,,0.0,,0.0,,0.0,
0.0,,[820 170 363 363],,0.0,,0.0,,0.99,,0.0,,0.0,,0.01,
0.0,,[820 170 363 363],,0.0,,0.0,,0.99,,0.0,,0.0,,0.01,
0.0,,[820 168 363 363],,0.0,,0.0,,0.99,,0.0,,0.0,,0.0,
0.0,,[819 166 366 366],,0.0,,0.0,,0.99,,0.0,,0.0,,0.01,
0.0,,[819 166 366 366],,0.0,,0.0,,0.99,,0.0,,0.0,,0.01,
0.01,,[788 177 378 378],,0.0,,0.01,,0.0,,0.94,,0.04,,0.0,
0.01,,[789 178 377 377],,0.0,,0.01,,0.0,,0.94,,0.04,,0.0,
0.01,,[789 178 377 377],,0.0,,0.01,,0.0,,0.94,,0.04,,0.0,
0.01,,[791 178 375 375],,0.0,,0.01,,0.0,,0.93,,0.04,,0.0,
0.01,,[791 178 375 375],,0.0,,0.01,,0.0,,0.93,,0.04,,0.0,
0.01,,[794 182 367 367],,0.0,,0.05,,0.0,,0.81,,0.12,,0.01,
0.01,,[794 182 366 366],,0.0,,0.04,,0.0,,0.83,,0.11,,0.01,
0.02,,[792 181 370 370],,0.0,,0.09,,0.0,,0.57,,0.31,,0.0,
0.03,,[792 181 370 370],,0.0,,0.1,,0.0,,0.57,,0.31,,0.0,
0.02,,[793 182 368 368],,0.0,,0.08,,0.0,,0.65,,0.25,,0.0,
0.05,,[798 183 363 363],,0.0,,0.13,,0.0,,0.51,,0.3,,0.0,
0.05,,[798 183 363 363],,0.0,,0.14,,0.0,,0.5,,0.31,,0.0,
0.04,,[796 180 366 366],,0.0,,0.12,,0.0,,0.52,,0.32,,0.0,
0.04,,[796 180 366 366],,0.0,,0.12,,0.0,,0.52,,0.31,,0.0,
0.04,,[796 180 366 366],,0.0,,0.12,,0.0,,0.52,,0.32,,0.0,
0.04,,[798 182 365 365],,0.0,,0.07,,0.0,,0.57,,0.3,,0.01,
0.04,,[798 182 365 365],,0.0,,0.07,,0.0,,0.58,,0.3,,0.01,
0.07,,[798 180 365 365],,0.0,,0.09,,0.0,,0.47,,0.36,,0.01,
0.06,,[799 181 365 365],,0.0,,0.09,,0.0,,0.47,,0.36,,0.01,
0.06,,[799 181 365 365],,0.0,,0.09,,0.0,,0.47,,0.36,,0.01,
0.08,,[798 179 366 366],,0.0,,0.09,,0.0,,0.43,,0.39,,0.02,
0.06,,[799 179 365 365],,0.0,,0.09,,0.0,,0.51,,0.32,,0.01,
0.07,,[803 182 360 360],,0.0,,0.08,,0.0,,0.53,,0.31,,0.02,
0.06,,[804 183 359 359],,0.0,,0.06,,0.0,,0.56,,0.3,,0.02,
0.06,,[804 183 359 359],,0.0,,0.06,,0.0,,0.56,,0.3,,0.02,
0.09,,[801 180 362 362],,0.0,,0.11,,0.0,,0.43,,0.35,,0.01,
0.09,,[802 181 361 361],,0.0,,0.1,,0.0,,0.44,,0.35,,0.02,
0.11,,[801 179 362 362],,0.0,,0.13,,0.0,,0.4,,0.33,,0.02,
0.12,,[801 179 363 363],,0.0,,0.11,,0.0,,0.44,,0.32,,0.02,
0.12,,[801 179 363 363],,0.0,,0.11,,0.0,,0.44,,0.32,,0.02,
0.09,,[805 182 356 356],,0.0,,0.16,,0.0,,0.41,,0.32,,0.02,
0.09,,[804 181 358 358],,0.0,,0.15,,0.0,,0.37,,0.37,,0.02,
0.1,,[803 180 360 360],,0.0,,0.14,,0.0,,0.43,,0.31,,0.02,
0.09,,[803 180 360 360],,0.0,,0.14,,0.0,,0.44,,0.31,,0.02,
0.09,,[803 180 360 360],,0.0,,0.14,,0.0,,0.44,,0.31,,0.02,
0.09,,[804 180 359 359],,0.0,,0.12,,0.0,,0.49,,0.28,,0.02,
0.09,,[804 180 359 359],,0.0,,0.12,,0.0,,0.49,,0.28,,0.02,
0.08,,[804 180 360 360],,0.0,,0.11,,0.0,,0.5,,0.29,,0.02,
0.09,,[803 180 361 361],,0.0,,0.11,,0.0,,0.51,,0.28,,0.02,
0.06,,[802 178 364 364],,0.0,,0.08,,0.0,,0.56,,0.29,,0.01,
0.06,,[803 180 361 361],,0.0,,0.09,,0.0,,0.56,,0.28,,0.01,
0.05,,[803 180 361 361],,0.0,,0.09,,0.0,,0.56,,0.28,,0.01,
0.06,,[804 182 360 360],,0.0,,0.1,,0.0,,0.51,,0.3,,0.02,
0.05,,[804 181 359 359],,0.0,,0.11,,0.0,,0.54,,0.28,,0.02,
0.05,,[804 181 359 359],,0.0,,0.11,,0.0,,0.54,,0.28,,0.02,
0.07,,[801 179 364 364],,0.0,,0.1,,0.0,,0.51,,0.3,,0.02,
0.07,,[801 179 364 364],,0.0,,0.11,,0.0,,0.51,,0.3,,0.02,
0.1,,[800 181 362 362],,0.0,,0.08,,0.0,,0.38,,0.41,,0.02,
0.1,,[800 180 362 362],,0.0,,0.1,,0.0,,0.4,,0.38,,0.02,
0.1,,[800 180 362 362],,0.0,,0.1,,0.0,,0.4,,0.38,,0.02,
0.13,,[800 180 363 363],,0.0,,0.12,,0.0,,0.39,,0.34,,0.03,
0.13,,[800 180 363 363],,0.0,,0.12,,0.0,,0.39,,0.33,,0.03,
0.12,,[801 181 360 360],,0.0,,0.12,,0.0,,0.39,,0.34,,0.03,
0.12,,[801 181 360 360],,0.0,,0.12,,0.0,,0.38,,0.34,,0.03,
0.12,,[801 181 360 360],,0.0,,0.12,,0.0,,0.38,,0.34,,0.03,
0.12,,[800 180 361 361],,0.0,,0.12,,0.0,,0.33,,0.4,,0.02,
0.11,,[800 181 361 361],,0.0,,0.11,,0.0,,0.35,,0.4,,0.02,
0.1,,[800 181 361 361],,0.0,,0.1,,0.0,,0.36,,0.41,,0.02,
0.1,,[800 181 361 361],,0.0,,0.1,,0.0,,0.37,,0.41,,0.02,
0.1,,[800 181 361 361],,0.0,,0.1,,0.0,,0.37,,0.41,,0.02,
0.1,,[799 181 361 361],,0.0,,0.1,,0.0,,0.36,,0.42,,0.02,
0.12,,[798 181 363 363],,0.0,,0.09,,0.0,,0.32,,0.45,,0.02,
0.1,,[800 180 361 361],,0.0,,0.12,,0.0,,0.35,,0.41,,0.03,
0.1,,[800 180 361 361],,0.0,,0.12,,0.0,,0.35,,0.41,,0.03,
0.1,,[800 180 361 361],,0.0,,0.12,,0.0,,0.35,,0.41,,0.03,
0.1,,[804 183 359 359],,0.0,,0.11,,0.0,,0.36,,0.4,,0.02,
0.09,,[804 182 360 360],,0.0,,0.11,,0.0,,0.4,,0.38,,0.02,
0.08,,[802 181 362 362],,0.0,,0.11,,0.0,,0.43,,0.35,,0.02,
0.09,,[802 181 363 363],,0.0,,0.1,,0.0,,0.42,,0.36,,0.02,
0.08,,[802 181 364 364],,0.0,,0.1,,0.0,,0.49,,0.3,,0.03,
0.09,,[805 184 357 357],,0.0,,0.11,,0.0,,0.41,,0.37,,0.02,
0.09,,[805 185 356 356],,0.0,,0.11,,0.0,,0.39,,0.38,,0.02,
0.08,,[803 181 360 360],,0.0,,0.13,,0.0,,0.45,,0.31,,0.02,
0.08,,[803 181 362 362],,0.0,,0.14,,0.0,,0.45,,0.31,,0.02,
0.08,,[803 181 362 362],,0.0,,0.14,,0.0,,0.45,,0.31,,0.02,
0.14,,[805 184 356 356],,0.0,,0.15,,0.0,,0.29,,0.41,,0.02,
0.15,,[806 185 354 354],,0.0,,0.13,,0.0,,0.29,,0.41,,0.02,
0.11,,[808 185 355 355],,0.0,,0.14,,0.0,,0.34,,0.39,,0.02,
0.09,,[807 185 357 357],,0.0,,0.13,,0.0,,0.41,,0.33,,0.03,
0.09,,[807 185 357 357],,0.0,,0.13,,0.0,,0.41,,0.33,,0.03,
0.13,,[803 182 363 363],,0.0,,0.11,,0.0,,0.25,,0.49,,0.03,
0.13,,[803 182 363 363],,0.0,,0.11,,0.0,,0.25,,0.48,,0.03,
0.08,,[801 182 367 367],,0.0,,0.1,,0.0,,0.27,,0.54,,0.01,
0.11,,[802 182 369 369],,0.0,,0.08,,0.0,,0.38,,0.43,,0.01,
0.11,,[802 182 369 369],,0.0,,0.08,,0.0,,0.38,,0.43,,0.01,
0.15,,[802 183 368 368],,0.0,,0.07,,0.0,,0.33,,0.44,,0.01,
0.08,,[805 184 363 363],,0.0,,0.08,,0.0,,0.34,,0.49,,0.01,
0.11,,[802 185 365 365],,0.0,,0.09,,0.0,,0.29,,0.49,,0.01,
0.11,,[802 184 366 366],,0.0,,0.09,,0.0,,0.26,,0.53,,0.01,
0.11,,[802 184 366 366],,0.0,,0.09,,0.0,,0.26,,0.53,,0.01,
0.1,,[805 185 361 361],,0.0,,0.09,,0.0,,0.25,,0.54,,0.01,
0.1,,[804 185 363 363],,0.0,,0.07,,0.0,,0.28,,0.53,,0.01,
0.11,,[804 183 365 365],,0.0,,0.08,,0.0,,0.19,,0.6,,0.01,
0.11,,[803 183 366 366],,0.0,,0.08,,0.0,,0.17,,0.63,,0.01,
0.11,,[803 183 366 366],,0.0,,0.08,,0.0,,0.17,,0.63,,0.01,
0.09,,[806 184 365 365],,0.0,,0.08,,0.0,,0.24,,0.58,,0.01,
0.12,,[804 183 367 367],,0.0,,0.07,,0.0,,0.22,,0.58,,0.01,
0.13,,[802 182 370 370],,0.0,,0.08,,0.0,,0.23,,0.55,,0.01,
0.14,,[802 182 370 370],,0.0,,0.08,,0.0,,0.22,,0.55,,0.01,
0.08,,[806 183 366 366],,0.0,,0.09,,0.0,,0.22,,0.6,,0.01,
0.12,,[803 183 368 368],,0.0,,0.09,,0.0,,0.29,,0.5,,0.01,
0.12,,[802 182 370 370],,0.0,,0.08,,0.0,,0.3,,0.5,,0.01,
0.1,,[805 184 365 365],,0.0,,0.08,,0.0,,0.31,,0.5,,0.01,
0.1,,[805 184 366 366],,0.0,,0.09,,0.0,,0.33,,0.47,,0.01,
0.1,,[805 184 366 366],,0.0,,0.09,,0.0,,0.33,,0.47,,0.01,
0.1,,[803 183 369 369],,0.0,,0.1,,0.0,,0.33,,0.46,,0.01,
0.1,,[803 183 369 369],,0.0,,0.1,,0.0,,0.33,,0.46,,0.01,
0.08,,[801 180 374 374],,0.0,,0.08,,0.0,,0.29,,0.54,,0.01,
0.08,,[801 180 374 374],,0.0,,0.08,,0.0,,0.29,,0.54,,0.01,
0.08,,[801 180 374 374],,0.0,,0.08,,0.0,,0.29,,0.54,,0.01,
0.06,,[806 184 365 365],,0.0,,0.07,,0.0,,0.39,,0.47,,0.01,
0.07,,[805 184 366 366],,0.0,,0.08,,0.0,,0.38,,0.46,,0.01,
0.1,,[800 182 372 372],,0.0,,0.11,,0.0,,0.2,,0.58,,0.01,
0.1,,[800 182 372 372],,0.0,,0.11,,0.0,,0.2,,0.58,,0.01,
0.1,,[800 182 372 372],,0.0,,0.11,,0.0,,0.2,,0.58,,0.01,
0.1,,[804 185 363 363],,0.0,,0.14,,0.0,,0.18,,0.57,,0.01,
0.09,,[803 185 363 363],,0.0,,0.14,,0.0,,0.19,,0.56,,0.01,
0.09,,[807 186 359 359],,0.0,,0.18,,0.0,,0.18,,0.54,,0.02,
0.07,,[807 186 360 360],,0.0,,0.18,,0.0,,0.19,,0.54,,0.02,
0.07,,[807 186 360 360],,0.0,,0.18,,0.0,,0.19,,0.54,,0.02,
0.06,,[808 187 359 359],,0.0,,0.14,,0.0,,0.22,,0.57,,0.01,
0.06,,[807 186 360 360],,0.0,,0.16,,0.0,,0.21,,0.56,,0.01,
0.07,,[806 185 358 358],,0.0,,0.21,,0.0,,0.19,,0.51,,0.02,
0.07,,[806 185 358 358],,0.0,,0.2,,0.0,,0.2,,0.51,,0.02,
0.07,,[806 185 358 358],,0.0,,0.2,,0.0,,0.2,,0.51,,0.02,
0.08,,[805 185 361 361],,0.0,,0.15,,0.0,,0.22,,0.54,,0.01,
0.06,,[804 183 362 362],,0.0,,0.17,,0.0,,0.22,,0.53,,0.01,
0.08,,[805 184 360 360],,0.0,,0.21,,0.0,,0.19,,0.5,,0.02,
0.07,,[805 185 359 359],,0.0,,0.24,,0.0,,0.15,,0.52,,0.02,
0.07,,[807 185 357 357],,0.0,,0.17,,0.0,,0.22,,0.5,,0.03,
0.08,,[805 185 359 359],,0.0,,0.21,,0.0,,0.16,,0.52,,0.03,
0.08,,[805 184 360 360],,0.0,,0.18,,0.0,,0.18,,0.54,,0.02,
0.08,,[803 183 363 363],,0.0,,0.12,,0.0,,0.22,,0.56,,0.02,
0.08,,[804 184 361 361],,0.0,,0.16,,0.0,,0.22,,0.53,,0.02,
0.08,,[804 184 360 360],,0.0,,0.16,,0.0,,0.22,,0.52,,0.02,
0.05,,[806 185 359 359],,0.0,,0.12,,0.0,,0.3,,0.51,,0.02,
0.04,,[805 185 361 361],,0.0,,0.12,,0.0,,0.33,,0.49,,0.02,
0.06,,[803 185 364 364],,0.0,,0.09,,0.0,,0.46,,0.37,,0.02,
0.05,,[803 185 363 363],,0.0,,0.09,,0.0,,0.42,,0.42,,0.01,
0.05,,[803 185 363 363],,0.0,,0.09,,0.0,,0.42,,0.42,,0.01,
0.05,,[803 184 364 364],,0.0,,0.08,,0.0,,0.45,,0.41,,0.01,
0.05,,[802 183 366 366],,0.0,,0.06,,0.0,,0.49,,0.38,,0.01,
0.06,,[803 185 363 363],,0.0,,0.08,,0.0,,0.46,,0.39,,0.01,
0.06,,[803 185 363 363],,0.0,,0.08,,0.0,,0.46,,0.39,,0.01,
0.06,,[803 185 363 363],,0.0,,0.08,,0.0,,0.46,,0.39,,0.01,
0.06,,[803 186 363 363],,0.0,,0.08,,0.0,,0.47,,0.39,,0.01,
0.06,,[803 186 363 363],,0.0,,0.08,,0.0,,0.47,,0.39,,0.01,
0.05,,[803 186 362 362],,0.0,,0.08,,0.0,,0.46,,0.39,,0.02,
0.05,,[802 185 365 365],,0.0,,0.07,,0.0,,0.54,,0.33,,0.01,
0.05,,[802 185 365 365],,0.0,,0.07,,0.0,,0.54,,0.33,,0.01,
0.04,,[804 187 362 362],,0.0,,0.11,,0.0,,0.5,,0.35,,0.01,
0.04,,[804 187 362 362],,0.0,,0.1,,0.0,,0.5,,0.35,,0.01,
0.06,,[801 186 366 366],,0.0,,0.11,,0.0,,0.43,,0.39,,0.01,
0.05,,[802 185 367 367],,0.0,,0.11,,0.0,,0.42,,0.4,,0.01,
0.05,,[802 185 367 367],,0.0,,0.11,,0.0,,0.42,,0.4,,0.01,
0.07,,[802 186 366 366],,0.0,,0.11,,0.0,,0.43,,0.36,,0.02,
0.07,,[802 186 366 366],,0.0,,0.11,,0.0,,0.43,,0.37,,0.02,
0.09,,[805 189 359 359],,0.0,,0.1,,0.0,,0.51,,0.29,,0.01,
0.07,,[805 189 358 358],,0.0,,0.09,,0.0,,0.56,,0.26,,0.02,
0.06,,[806 189 359 359],,0.0,,0.1,,0.0,,0.57,,0.26,,0.01,
0.06,,[802 188 365 365],,0.0,,0.11,,0.0,,0.52,,0.29,,0.02,
0.06,,[801 188 366 366],,0.0,,0.1,,0.0,,0.5,,0.32,,0.02,
0.06,,[800 187 367 367],,0.0,,0.1,,0.0,,0.53,,0.29,,0.02,
0.06,,[800 187 367 367],,0.0,,0.1,,0.0,,0.52,,0.3,,0.02,
0.06,,[800 187 367 367],,0.0,,0.1,,0.0,,0.52,,0.3,,0.02,
0.07,,[803 194 357 357],,0.0,,0.09,,0.0,,0.52,,0.31,,0.01,
0.08,,[804 194 357 357],,0.0,,0.11,,0.0,,0.47,,0.34,,0.01,
0.07,,[801 197 358 358],,0.0,,0.09,,0.0,,0.46,,0.38,,0.01,
0.07,,[801 197 358 358],,0.0,,0.09,,0.0,,0.44,,0.39,,0.01,
0.07,,[801 197 358 358],,0.0,,0.09,,0.0,,0.44,,0.39,,0.01,
0.05,,[802 198 359 359],,0.0,,0.09,,0.0,,0.38,,0.47,,0.01,
0.04,,[800 197 362 362],,0.0,,0.08,,0.0,,0.47,,0.4,,0.01,
0.05,,[804 199 355 355],,0.0,,0.09,,0.0,,0.42,,0.43,,0.01,
0.04,,[805 200 354 354],,0.0,,0.08,,0.0,,0.43,,0.44,,0.01,
0.04,,[805 200 354 354],,0.0,,0.08,,0.0,,0.43,,0.44,,0.01,
0.04,,[807 197 356 356],,0.0,,0.09,,0.0,,0.4,,0.46,,0.01,
0.04,,[806 197 355 355],,0.0,,0.1,,0.0,,0.39,,0.45,,0.02,
0.05,,[803 195 359 359],,0.0,,0.09,,0.0,,0.29,,0.55,,0.02,
0.06,,[803 195 359 359],,0.0,,0.08,,0.0,,0.29,,0.56,,0.02,
0.06,,[803 195 359 359],,0.0,,0.08,,0.0,,0.29,,0.55,,0.02,
0.06,,[802 194 361 361],,0.0,,0.09,,0.0,,0.29,,0.55,,0.01,
0.06,,[802 194 361 361],,0.0,,0.09,,0.0,,0.29,,0.55,,0.01,
0.05,,[802 193 363 363],,0.0,,0.08,,0.0,,0.5,,0.36,,0.02,
0.05,,[802 193 363 363],,0.0,,0.08,,0.0,,0.5,,0.36,,0.02,
0.05,,[802 193 363 363],,0.0,,0.08,,0.0,,0.5,,0.36,,0.02,
0.05,,[800 193 366 366],,0.0,,0.07,,0.0,,0.5,,0.36,,0.01,
0.06,,[800 193 365 365],,0.0,,0.1,,0.0,,0.42,,0.41,,0.02,
0.04,,[800 191 366 366],,0.0,,0.09,,0.0,,0.41,,0.44,,0.01,
0.04,,[798 190 369 369],,0.0,,0.08,,0.0,,0.41,,0.45,,0.02,
0.04,,[800 190 367 367],,0.0,,0.11,,0.0,,0.41,,0.42,,0.01,
0.04,,[800 189 370 370],,0.0,,0.08,,0.0,,0.54,,0.32,,0.02,
0.04,,[800 188 370 370],,0.0,,0.1,,0.0,,0.44,,0.4,,0.02,
0.07,,[800 186 374 374],,0.0,,0.05,,0.0,,0.57,,0.29,,0.02,
0.08,,[800 185 375 375],,0.0,,0.05,,0.0,,0.54,,0.32,,0.01,
0.08,,[800 185 375 375],,0.0,,0.05,,0.0,,0.54,,0.32,,0.01,
0.06,,[801 178 380 380],,0.0,,0.05,,0.0,,0.6,,0.28,,0.01,
0.06,,[802 179 379 379],,0.0,,0.05,,0.0,,0.61,,0.26,,0.02,
0.05,,[806 179 373 373],,0.0,,0.03,,0.0,,0.69,,0.21,,0.01,
0.05,,[806 179 373 373],,0.0,,0.03,,0.0,,0.69,,0.22,,0.01,
0.05,,[806 179 373 373],,0.0,,0.03,,0.0,,0.69,,0.22,,0.01,
0.05,,[811 178 359 359],,0.0,,0.05,,0.0,,0.64,,0.24,,0.01,
0.05,,[811 178 359 359],,0.0,,0.06,,0.0,,0.65,,0.23,,0.01,
0.03,,[814 169 359 359],,0.0,,0.05,,0.0,,0.71,,0.19,,0.02,
0.03,,[816 170 356 356],,0.0,,0.04,,0.0,,0.77,,0.15,,0.01,
0.03,,[816 170 356 356],,0.0,,0.04,,0.0,,0.77,,0.15,,0.02,
0.05,,[814 163 359 359],,0.0,,0.05,,0.0,,0.7,,0.2,,0.01,
0.05,,[814 162 360 360],,0.0,,0.04,,0.0,,0.7,,0.2,,0.01,
0.05,,[811 148 364 364],,0.0,,0.05,,0.0,,0.66,,0.21,,0.02,
0.08,,[812 148 365 365],,0.0,,0.06,,0.0,,0.62,,0.22,,0.02,
0.08,,[812 148 365 365],,0.0,,0.06,,0.0,,0.62,,0.22,,0.02,
0.07,,[815 147 359 359],,0.0,,0.08,,0.0,,0.61,,0.2,,0.04,
0.08,,[816 147 359 359],,0.0,,0.08,,0.0,,0.62,,0.2,,0.03,
0.1,,[819 148 348 348],,0.0,,0.12,,0.0,,0.52,,0.24,,0.02,
0.07,,[820 148 346 346],,0.0,,0.13,,0.0,,0.58,,0.21,,0.02,
0.07,,[820 148 346 346],,0.0,,0.13,,0.0,,0.58,,0.21,,0.02,
0.05,,[820 144 351 351],,0.0,,0.11,,0.0,,0.66,,0.16,,0.02,
0.05,,[820 144 351 351],,0.0,,0.11,,0.0,,0.66,,0.16,,0.02,
0.04,,[819 145 350 350],,0.0,,0.1,,0.0,,0.64,,0.2,,0.02,
0.04,,[819 145 350 350],,0.0,,0.1,,0.0,,0.63,,0.21,,0.02,
0.01,,[804 175 371 371],,0.0,,0.02,,0.0,,0.91,,0.06,,0.01,
0.01,,[808 176 368 368],,0.0,,0.03,,0.0,,0.87,,0.08,,0.01,
0.01,,[808 176 368 368],,0.0,,0.03,,0.0,,0.87,,0.08,,0.01,
0.01,,[808 176 368 368],,0.0,,0.03,,0.0,,0.87,,0.08,,0.01,
0.02,,[809 176 369 369],,0.0,,0.04,,0.0,,0.83,,0.09,,0.02,
0.02,,[809 176 369 369],,0.0,,0.04,,0.0,,0.83,,0.08,,0.02,
0.02,,[809 176 369 369],,0.0,,0.04,,0.0,,0.83,,0.09,,0.02,
0.02,,[809 176 369 369],,0.0,,0.04,,0.0,,0.83,,0.09,,0.02,
